{
  "results": [
    {
      "command": "/home/merlin/tmpfs/dftbuild/app/waveplot/waveplot",
      "mean": 64.65183510273998,
      "stddev": 0.15431640531704593,
      "median": 64.64798034673998,
      "user": 63.56131291999999,
      "system": 1.7907506999999998,
      "min": 64.36963101773999,
      "max": 64.91615009073999,
      "times": [
        64.61184092074,
        64.49704125074,
        64.36963101773999,
        64.64471688974,
        64.62616826873999,
        64.91615009073999,
        64.84063448773999,
        64.70561884374,
        64.65530545374,
        64.65124380373999
      ],
      "exit_codes": [
        0,
        0,
        0,
        0,
        0,
        0,
        0,
        0,
        0,
        0
      ]
    }
  ]
}
