{
  "results": [
    {
      "command": "/home/merlin/tmpfs/dftbuild/app/waveplot/waveplot",
      "mean": 11.43648826372,
      "stddev": 0.07373341979833585,
      "median": 11.435238569220001,
      "user": 11.429412379999999,
      "system": 0.79441486,
      "min": 11.34949108672,
      "max": 11.59089445172,
      "times": [
        11.45546616272,
        11.41501097572,
        11.59089445172,
        11.48461116172,
        11.37385927272,
        11.46471413072,
        11.384185541719999,
        11.34949108672,
        11.36596067172,
        11.48068918172
      ],
      "exit_codes": [
        0,
        0,
        0,
        0,
        0,
        0,
        0,
        0,
        0,
        0
      ]
    }
  ]
}
