{
  "results": [
    {
      "command": "/home/merlin/tmpfs/dftbuild/app/waveplot/waveplot",
      "mean": 0.6079157494,
      "stddev": 0.025076320905423315,
      "median": 0.5983934663000001,
      "user": 0.87180828,
      "system": 0.5753260000000001,
      "min": 0.5842302928,
      "max": 0.6528702378000001,
      "times": [
        0.6010636908000001,
        0.5842302928,
        0.6114431978000001,
        0.6134895308,
        0.5934049028,
        0.5862279768,
        0.6507505398000001,
        0.6528702378000001,
        0.5957232418,
        0.5899538828
      ],
      "exit_codes": [
        0,
        0,
        0,
        0,
        0,
        0,
        0,
        0,
        0,
        0
      ]
    }
  ]
}
