{
  "results": [
    {
      "command": "/home/merlin/tmpfs/dftbuild/app/waveplot/waveplot",
      "mean": 97.82303357462,
      "stddev": 5.502827771731658,
      "median": 96.09527058751999,
      "user": 97.56662894,
      "system": 0.7964454599999999,
      "min": 95.79337643602,
      "max": 113.46083822302,
      "times": [
        95.79337643602,
        95.81857636002,
        96.27582275102,
        95.89041922602,
        96.15420090802,
        96.79809906902,
        96.17148689602,
        96.03634026702,
        95.83117561002,
        113.46083822302
      ],
      "exit_codes": [
        0,
        0,
        0,
        0,
        0,
        0,
        0,
        0,
        0,
        0
      ]
    }
  ]
}
