{
  "results": [
    {
      "command": "/home/merlin/tmpfs/dftbuild/app/waveplot/waveplot",
      "mean": 18.19986571978,
      "stddev": 0.2745518054813603,
      "median": 18.132700167980005,
      "user": 16.7739412,
      "system": 2.1564077,
      "min": 17.974581105480002,
      "max": 18.927487434480003,
      "times": [
        18.154608731480003,
        18.10076390048,
        18.00483609548,
        17.974581105480002,
        18.927487434480003,
        18.146807049480003,
        18.118593286480003,
        18.03136745648,
        18.288785102480002,
        18.25082703548
      ],
      "exit_codes": [
        0,
        0,
        0,
        0,
        0,
        0,
        0,
        0,
        0,
        0
      ]
    }
  ]
}
