{
  "results": [
    {
      "command": "/home/merlin/tmpfs/dftbuild/app/waveplot/waveplot",
      "mean": 95.91189569482,
      "stddev": 1.2399087331965493,
      "median": 95.63590411192,
      "user": 95.65269582,
      "system": 0.81337456,
      "min": 95.08791078342,
      "max": 99.37679935742,
      "times": [
        99.37679935742,
        95.30533302142,
        95.76463373042,
        95.71787875342,
        95.39208554342001,
        95.38236928442001,
        95.08791078342,
        95.81917526242,
        95.55392947042,
        95.71884174142001
      ],
      "exit_codes": [
        0,
        0,
        0,
        0,
        0,
        0,
        0,
        0,
        0,
        0
      ]
    }
  ]
}
