{
  "results": [
    {
      "command": "/home/merlin/tmpfs/dftbuild/app/waveplot/waveplot",
      "mean": 6.026395066739999,
      "stddev": 0.17582970069280693,
      "median": 5.965258825639999,
      "user": 4.54445488,
      "system": 2.2940447199999996,
      "min": 5.91334917714,
      "max": 6.51274314514,
      "times": [
        6.0268322651399995,
        5.96806413014,
        5.94164889214,
        6.028800211139999,
        5.9284626101399995,
        5.91334917714,
        6.023409701139999,
        6.51274314514,
        5.95818701414,
        5.96245352114
      ],
      "exit_codes": [
        0,
        0,
        0,
        0,
        0,
        0,
        0,
        0,
        0,
        0
      ]
    }
  ]
}
