{
  "results": [
    {
      "command": "/home/merlin/tmpfs/dftbuild/app/waveplot/waveplot",
      "mean": 9.74118521462,
      "stddev": 0.1944679780290406,
      "median": 9.795651686020001,
      "user": 9.898818,
      "system": 0.52977434,
      "min": 9.422297317020002,
      "max": 9.95415581602,
      "times": [
        9.725477577020001,
        9.485274998020001,
        9.422297317020002,
        9.53094896302,
        9.800191723020001,
        9.95415581602,
        9.881026316020002,
        9.791111649020001,
        9.896745155020001,
        9.92462263202
      ],
      "exit_codes": [
        0,
        0,
        0,
        0,
        0,
        0,
        0,
        0,
        0,
        0
      ]
    }
  ]
}
