{
  "results": [
    {
      "command": "/home/merlin/tmpfs/dftbuild/app/waveplot/waveplot",
      "mean": 9.42580315744,
      "stddev": 0.03887445669894749,
      "median": 9.41647708064,
      "user": 9.64903102,
      "system": 0.53948482,
      "min": 9.38256882664,
      "max": 9.503397275640001,
      "times": [
        9.38784686864,
        9.460138567640001,
        9.413576952640001,
        9.41937720864,
        9.503397275640001,
        9.41122433864,
        9.38256882664,
        9.43976123364,
        9.45490890964,
        9.385231392640002
      ],
      "exit_codes": [
        0,
        0,
        0,
        0,
        0,
        0,
        0,
        0,
        0,
        0
      ]
    }
  ]
}
