{
  "results": [
    {
      "command": "/home/merlin/tmpfs/dftbuild/app/waveplot/waveplot",
      "mean": 0.4099326065600001,
      "stddev": 0.027687283924560897,
      "median": 0.3959658784600001,
      "user": 0.7142262799999999,
      "system": 0.53388892,
      "min": 0.38771052446000004,
      "max": 0.46632926246000006,
      "times": [
        0.46632926246000006,
        0.42094836446000006,
        0.39687835146000006,
        0.39208974246000006,
        0.40954244946000007,
        0.45019235146000003,
        0.38771052446000004,
        0.39090264946000003,
        0.38967896446000005,
        0.39505340546000006
      ],
      "exit_codes": [
        0,
        0,
        0,
        0,
        0,
        0,
        0,
        0,
        0,
        0
      ]
    }
  ]
}
