{
  "results": [
    {
      "command": "/home/merlin/tmpfs/dftbuild/app/waveplot/waveplot",
      "mean": 3.3760698251200005,
      "stddev": 0.05235924132136841,
      "median": 3.3834450514200003,
      "user": 1.5575745400000003,
      "system": 2.6324005600000002,
      "min": 3.31509193242,
      "max": 3.46581607242,
      "times": [
        3.3432658444200003,
        3.46581607242,
        3.39163314542,
        3.32147771342,
        3.3868235814200003,
        3.44154715842,
        3.31569910942,
        3.39927717242,
        3.3800665214200003,
        3.31509193242
      ],
      "exit_codes": [
        0,
        0,
        0,
        0,
        0,
        0,
        0,
        0,
        0,
        0
      ]
    }
  ]
}
