{
  "results": [
    {
      "command": "/home/merlin/tmpfs/dftbuild/app/waveplot/waveplot",
      "mean": 0.40660241893999993,
      "stddev": 0.02317111256237351,
      "median": 0.39722342094000007,
      "user": 0.7196906200000001,
      "system": 0.5138356399999999,
      "min": 0.38743454844,
      "max": 0.45298443444000003,
      "times": [
        0.44071180644,
        0.41856785244000005,
        0.39660967644000006,
        0.40045880944,
        0.38743454844,
        0.39783716544000003,
        0.45298443444000003,
        0.39030490344,
        0.39299337244000004,
        0.38812162044000004
      ],
      "exit_codes": [
        0,
        0,
        0,
        0,
        0,
        0,
        0,
        0,
        0,
        0
      ]
    }
  ]
}
